{"memory":{"mempools":[{"name":"POOL_0_DTCMRAM","prop":{"throughput":"HIGH","latency":"LOW"},"size":{"value":"126976","magnitude":"BYTES"},"offset":{"value":"0x20000000","magnitude":"BYTES"}},{"name":"POOL_1_RAM_D1","prop":{"throughput":"HIGH","latency":"MID"},"size":{"value":"516708","magnitude":"BYTES"},"offset":{"value":"0x24000000","magnitude":"BYTES"}},{"name":"POOL_2_RAM_D2","prop":{"throughput":"MID","latency":"LOW"},"size":{"value":"294912","magnitude":"BYTES"},"offset":{"value":"0x30000000","magnitude":"BYTES"}},{"name":"POOL_3_RAM_D3","prop":{"throughput":"MID","latency":"MID"},"size":{"value":"65536","magnitude":"BYTES"},"offset":{"value":"0x38000000","magnitude":"BYTES"}}]}}