{"activations":{"heap_overlay_pool":{"buffer_c_name":"NULL","buffer_c_name_addr":"NULL","buffer_data_size":0,"buffer_offsets":[{"buffer_name":"serving_default_input_10_output_array","lite_tag":null,"offset":14372,"size":3072,"start_offset":14372},{"buffer_name":"conversion_0_output_array","lite_tag":null,"offset":14368,"size":3073,"start_offset":14368},{"buffer_name":"conv2d_1_scratch0_array","lite_tag":null,"offset":17444,"size":1196,"start_offset":17444},{"buffer_name":"conv2d_1_output_array","lite_tag":null,"offset":0,"size":16384,"start_offset":0},{"buffer_name":"conv2d_2_pad_before_output_array","lite_tag":null,"offset":16384,"size":18496,"start_offset":16384},{"buffer_name":"conv2d_2_scratch0_array","lite_tag":null,"offset":34880,"size":5408,"start_offset":34880},{"buffer_name":"conv2d_2_output_array","lite_tag":null,"offset":40288,"size":16384,"start_offset":40288},{"buffer_name":"conv2d_3_pad_before_output_array","lite_tag":null,"offset":16384,"size":18496,"start_offset":16384},{"buffer_name":"conv2d_3_scratch0_array","lite_tag":null,"offset":34880,"size":5408,"start_offset":34880},{"buffer_name":"conv2d_3_output_array","lite_tag":null,"offset":40288,"size":16384,"start_offset":40288},{"buffer_name":"eltwise_4_output_array","lite_tag":null,"offset":16384,"size":16384,"start_offset":16384},{"buffer_name":"conv2d_5_pad_before_output_array","lite_tag":null,"offset":32768,"size":18496,"start_offset":32768},{"buffer_name":"conv2d_5_scratch0_array","lite_tag":null,"offset":0,"size":6144,"start_offset":0},{"buffer_name":"conv2d_5_output_array","lite_tag":null,"offset":6144,"size":8192,"start_offset":6144},{"buffer_name":"conv2d_6_pad_before_output_array","lite_tag":null,"offset":32768,"size":10368,"start_offset":32768},{"buffer_name":"conv2d_6_scratch0_array","lite_tag":null,"offset":0,"size":6720,"start_offset":0},{"buffer_name":"conv2d_6_output_array","lite_tag":null,"offset":6720,"size":8192,"start_offset":6720},{"buffer_name":"conv2d_7_scratch0_array","lite_tag":null,"offset":0,"size":1536,"start_offset":0},{"buffer_name":"conv2d_7_output_array","lite_tag":null,"offset":32768,"size":8192,"start_offset":32768},{"buffer_name":"eltwise_8_output_array","lite_tag":null,"offset":14912,"size":8192,"start_offset":14912},{"buffer_name":"conv2d_9_pad_before_output_array","lite_tag":null,"offset":0,"size":10368,"start_offset":0},{"buffer_name":"conv2d_9_scratch0_array","lite_tag":null,"offset":23104,"size":7168,"start_offset":23104},{"buffer_name":"conv2d_9_output_array","lite_tag":null,"offset":10368,"size":4096,"start_offset":10368},{"buffer_name":"conv2d_10_pad_before_output_array","lite_tag":null,"offset":0,"size":6400,"start_offset":0},{"buffer_name":"conv2d_10_scratch0_array","lite_tag":null,"offset":6400,"size":8320,"start_offset":6400},{"buffer_name":"conv2d_10_output_array","lite_tag":null,"offset":23104,"size":4096,"start_offset":23104},{"buffer_name":"conv2d_11_scratch0_array","lite_tag":null,"offset":0,"size":5120,"start_offset":0},{"buffer_name":"conv2d_11_output_array","lite_tag":null,"offset":5120,"size":4096,"start_offset":5120},{"buffer_name":"eltwise_12_output_array","lite_tag":null,"offset":0,"size":4096,"start_offset":0},{"buffer_name":"pool_13_output_array","lite_tag":null,"offset":4096,"size":64,"start_offset":4096},{"buffer_name":"gemm_15_scratch0_array","lite_tag":null,"offset":0,"size":128,"start_offset":0},{"buffer_name":"gemm_15_output_array","lite_tag":null,"offset":128,"size":10,"start_offset":128},{"buffer_name":"nl_16_scratch0_array","lite_tag":null,"offset":0,"size":40,"start_offset":0},{"buffer_name":"nl_16_output_array","lite_tag":null,"offset":40,"size":10,"start_offset":40},{"buffer_name":"conversion_17_output_array","lite_tag":null,"offset":0,"size":40,"start_offset":0}],"pool_id":0,"pool_size":56672}},"activations_alignment":4,"c_activations_count":1,"c_arrays":[{"c_bits":8,"c_id":0,"c_mem_pool":"**default**","c_size_in_byte":8192,"c_type":"int8_t","format":"sa8","is_const":false,"mem_pool":"activations","n_items":8192,"name":"conv2d_5_output_array","offset":6144,"padded":true,"raw_fmt":"(SIGNED, 8 bit, C Size: 8 bits Scales: [0.08932683616876602] Zeros: [-128] Quantizer: UNIFORM)","scale":[0.08932683616876602],"size":8192,"tensors":[{"intq":"conv2d_5_output_array_intq","name":"conv2d_5_output","shape":[1,16,16,32]}],"zeropoint":[-128]},{"c_bits":8,"c_id":1,"c_mem_pool":"**default**","c_size_in_byte":7168,"c_type":"int8_t","format":"s8","is_const":false,"mem_pool":"activations","n_items":7168,"name":"conv2d_9_scratch0_array","offset":23104,"padded":true,"raw_fmt":"(SIGNED, 8 bit, C Size: 8 bits)","size":7168,"tensors":[{"name":"conv2d_9_scratch0","shape":[1,1,1,7168]}]},{"c_bits":8,"c_id":2,"c_mem_pool":"**default**","c_size_in_byte":10368,"c_type":"int8_t","format":"sa8","is_const":false,"mem_pool":"activations","n_items":10368,"name":"conv2d_6_pad_before_output_array","offset":32768,"padded":true,"raw_fmt":"(SIGNED, 8 bit, C Size: 8 bits Scales: [0.08932683616876602] Zeros: [-128] Quantizer: UNIFORM)","scale":[0.08932683616876602],"size":10368,"tensors":[{"intq":"conv2d_6_pad_before_output_array_intq","name":"conv2d_6_pad_before_output","shape":[1,18,18,32]}],"zeropoint":[-128]},{"c_bits":8,"c_id":3,"c_mem_pool":"**default**","c_size_in_byte":8192,"c_type":"int8_t","format":"sa8","is_const":false,"mem_pool":"activations","n_items":8192,"name":"conv2d_6_output_array","offset":6720,"padded":true,"raw_fmt":"(SIGNED, 8 bit, C Size: 8 bits Scales: [0.20515753328800201] Zeros: [-7] Quantizer: UNIFORM)","scale":[0.20515753328800201],"size":8192,"tensors":[{"intq":"conv2d_6_output_array_intq","name":"conv2d_6_output","shape":[1,16,16,32]}],"zeropoint":[-7]},{"c_bits":8,"c_id":4,"c_mem_pool":"**default**","c_size_in_byte":8192,"c_type":"int8_t","format":"sa8","is_const":false,"mem_pool":"activations","n_items":8192,"name":"conv2d_7_output_array","offset":32768,"padded":true,"raw_fmt":"(SIGNED, 8 bit, C Size: 8 bits Scales: [0.06769590824842453] Zeros: [17] Quantizer: UNIFORM)","scale":[0.06769590824842453],"size":8192,"tensors":[{"intq":"conv2d_7_output_array_intq","name":"conv2d_7_output","shape":[1,16,16,32]}],"zeropoint":[17]},{"c_bits":8,"c_id":5,"c_mem_pool":"**default**","c_size_in_byte":8320,"c_type":"int8_t","format":"s8","is_const":false,"mem_pool":"activations","n_items":8320,"name":"conv2d_10_scratch0_array","offset":6400,"padded":true,"raw_fmt":"(SIGNED, 8 bit, C Size: 8 bits)","size":8320,"tensors":[{"name":"conv2d_10_scratch0","shape":[1,1,1,8320]}]},{"c_bits":8,"c_id":6,"c_mem_pool":"**default**","c_size_in_byte":8192,"c_type":"int8_t","format":"sa8","is_const":false,"mem_pool":"activations","n_items":8192,"name":"eltwise_8_output_array","offset":14912,"padded":true,"raw_fmt":"(SIGNED, 8 bit, C Size: 8 bits Scales: [0.10647741705179214] Zeros: [-128] Quantizer: UNIFORM)","scale":[0.10647741705179214],"size":8192,"tensors":[{"intq":"eltwise_8_output_array_intq","name":"eltwise_8_output","shape":[1,16,16,32]}],"zeropoint":[-128]},{"c_bits":8,"c_id":7,"c_mem_pool":"**default**","c_size_in_byte":10368,"c_type":"int8_t","format":"sa8","is_const":false,"mem_pool":"activations","n_items":10368,"name":"conv2d_9_pad_before_output_array","offset":0,"padded":true,"raw_fmt":"(SIGNED, 8 bit, C Size: 8 bits Scales: [0.10647741705179214] Zeros: [-128] Quantizer: UNIFORM)","scale":[0.10647741705179214],"size":10368,"tensors":[{"intq":"conv2d_9_pad_before_output_array_intq","name":"conv2d_9_pad_before_output","shape":[1,18,18,32]}],"zeropoint":[-128]},{"c_bits":8,"c_id":8,"c_mem_pool":"**default**","c_size_in_byte":4096,"c_type":"int8_t","format":"sa8","is_const":false,"mem_pool":"activations","n_items":4096,"name":"conv2d_9_output_array","offset":10368,"padded":true,"raw_fmt":"(SIGNED, 8 bit, C Size: 8 bits Scales: [0.04686351120471954] Zeros: [-128] Quantizer: UNIFORM)","scale":[0.04686351120471954],"size":4096,"tensors":[{"intq":"conv2d_9_output_array_intq","name":"conv2d_9_output","shape":[1,8,8,64]}],"zeropoint":[-128]},{"c_bits":8,"c_id":9,"c_mem_pool":"**default**","c_size_in_byte":5120,"c_type":"int8_t","format":"s8","is_const":false,"mem_pool":"activations","n_items":5120,"name":"conv2d_11_scratch0_array","offset":0,"padded":true,"raw_fmt":"(SIGNED, 8 bit, C Size: 8 bits)","size":5120,"tensors":[{"name":"conv2d_11_scratch0","shape":[1,1,1,5120]}]},{"c_bits":8,"c_id":10,"c_mem_pool":"**default**","c_size_in_byte":6400,"c_type":"int8_t","format":"sa8","is_const":false,"mem_pool":"activations","n_items":6400,"name":"conv2d_10_pad_before_output_array","offset":0,"padded":true,"raw_fmt":"(SIGNED, 8 bit, C Size: 8 bits Scales: [0.04686351120471954] Zeros: [-128] Quantizer: UNIFORM)","scale":[0.04686351120471954],"size":6400,"tensors":[{"intq":"conv2d_10_pad_before_output_array_intq","name":"conv2d_10_pad_before_output","shape":[1,10,10,64]}],"zeropoint":[-128]},{"c_bits":8,"c_id":11,"c_mem_pool":"**default**","c_size_in_byte":4096,"c_type":"int8_t","format":"sa8","is_const":false,"mem_pool":"activations","n_items":4096,"name":"conv2d_10_output_array","offset":23104,"padded":true,"raw_fmt":"(SIGNED, 8 bit, C Size: 8 bits Scales: [0.22065132856369019] Zeros: [-2] Quantizer: UNIFORM)","scale":[0.22065132856369019],"size":4096,"tensors":[{"intq":"conv2d_10_output_array_intq","name":"conv2d_10_output","shape":[1,8,8,64]}],"zeropoint":[-2]},{"c_bits":8,"c_id":12,"c_mem_pool":"**default**","c_size_in_byte":4096,"c_type":"int8_t","format":"sa8","is_const":false,"mem_pool":"activations","n_items":4096,"name":"conv2d_11_output_array","offset":5120,"padded":true,"raw_fmt":"(SIGNED, 8 bit, C Size: 8 bits Scales: [0.06728073954582214] Zeros: [79] Quantizer: UNIFORM)","scale":[0.06728073954582214],"size":4096,"tensors":[{"intq":"conv2d_11_output_array_intq","name":"conv2d_11_output","shape":[1,8,8,64]}],"zeropoint":[79]},{"c_bits":16,"c_id":13,"c_mem_pool":"**default**","c_size_in_byte":128,"c_type":"int16_t","format":"s16","is_const":false,"mem_pool":"activations","n_items":64,"name":"gemm_15_scratch0_array","offset":0,"padded":true,"raw_fmt":"(SIGNED, 16 bit, C Size: 16 bits)","size":64,"tensors":[{"name":"gemm_15_scratch0","shape":[1,1,1,64]}]},{"c_bits":8,"c_id":14,"c_mem_pool":"**default**","c_size_in_byte":4096,"c_type":"int8_t","format":"sa8","is_const":false,"mem_pool":"activations","n_items":4096,"name":"eltwise_12_output_array","offset":0,"padded":true,"raw_fmt":"(SIGNED, 8 bit, C Size: 8 bits Scales: [0.10707936435937881] Zeros: [-128] Quantizer: UNIFORM)","scale":[0.10707936435937881],"size":4096,"tensors":[{"intq":"eltwise_12_output_array_intq","name":"eltwise_12_output","shape":[1,8,8,64]}],"zeropoint":[-128]},{"c_bits":8,"c_id":15,"c_mem_pool":"**default**","c_size_in_byte":64,"c_type":"int8_t","format":"sa8","is_const":false,"mem_pool":"activations","n_items":64,"name":"pool_13_output_array","offset":4096,"padded":true,"raw_fmt":"(SIGNED, 8 bit, C Size: 8 bits Scales: [0.10707936435937881] Zeros: [-128] Quantizer: UNIFORM)","scale":[0.10707936435937881],"size":64,"tensors":[{"intq":"pool_13_output_array_intq","name":"pool_13_output","shape":[1,1,1,64]}],"zeropoint":[-128]},{"c_bits":8,"c_id":16,"c_mem_pool":"**default**","c_size_in_byte":10,"c_type":"int8_t","format":"sa8","is_const":false,"mem_pool":"activations","n_items":10,"name":"gemm_15_output_array","offset":128,"padded":true,"raw_fmt":"(SIGNED, 8 bit, C Size: 8 bits Scales: [0.38216525316238403] Zeros: [38] Quantizer: UNIFORM)","scale":[0.38216525316238403],"size":10,"tensors":[{"intq":"gemm_15_output_array_intq","name":"gemm_15_output","shape":[1,10]}],"zeropoint":[38]},{"c_bits":32,"c_id":17,"c_mem_pool":"**default**","c_size_in_byte":40,"c_type":"int32_t","format":"s32","is_const":false,"mem_pool":"activations","n_items":10,"name":"nl_16_scratch0_array","offset":0,"padded":true,"raw_fmt":"(SIGNED, 32 bit, C Size: 32 bits)","size":10,"tensors":[{"name":"nl_16_scratch0","shape":[1,1,1,10]}]},{"c_bits":8,"c_id":18,"c_mem_pool":"**default**","c_size_in_byte":10,"c_type":"int8_t","format":"sa8","is_const":false,"mem_pool":"activations","n_items":10,"name":"nl_16_output_array","offset":40,"padded":true,"raw_fmt":"(SIGNED, 8 bit, C Size: 8 bits Scales: [0.00390625] Zeros: [-128] Quantizer: UNIFORM)","scale":[0.00390625],"size":10,"tensors":[{"intq":"nl_16_output_array_intq","name":"nl_16_output","shape":[1,10]}],"zeropoint":[-128]},{"c_bits":32,"c_id":19,"c_mem_pool":"**default**","c_size_in_byte":40,"c_type":"float","format":"float32","io_type":"output","is_const":false,"mem_pool":"activations","n_items":10,"name":"conversion_17_output_array","offset":0,"padded":true,"raw_fmt":"(FLOAT, 32 bit, C Size: 32 bits)","size":10,"tensors":[{"name":"conversion_17_output","shape":[1,10]}]},{"c_bits":8,"c_id":20,"c_mem_pool":"weights","c_size_in_byte":432,"c_type":"const int8_t","format":"ss8/ch(16)","is_const":true,"mem_pool":"weights","n_items":432,"name":"conv2d_1_weights_array","offset":0,"padded":true,"raw_fmt":"(SIGNED, 8 bit, C Size: 8 bits Scales[0:2]: 0.02036888338625431,0.037495940923690796 Zeros[0:2]: 0,0 Quantizer: UNIFORM)","scale":[0.02036888338625431,0.037495940923690796,0.04075029492378235,0.01916888915002346,0.020752711221575737,0.014645664021372795,0.024505823850631714,0.027376923710107803,0.0046122209168970585,0.012739424593746662,0.03446386381983757,1.8401260604150593e-7,0.0396367572247982,0.018184365704655647,0.009252729825675488,0.025841183960437775],"size":432,"tensors":[{"intq":"conv2d_1_weights_array_intq","name":"conv2d_1_weights","shape":[3,3,3,16]}],"zeropoint":[0,0,0,0,0,0,0,0,0,0,0,0,0,0,0,0],"zeros":38},{"c_bits":32,"c_id":21,"c_mem_pool":"weights","c_size_in_byte":64,"c_type":"const int32_t","format":"ss32/ch(16)","is_const":true,"mem_pool":"weights","n_items":16,"name":"conv2d_1_bias_array","offset":432,"padded":true,"raw_fmt":"(SIGNED, 32 bit, C Size: 32 bits Scales[0:2]: 7.987798016984016e-05,0.00014704291243106127 Zeros[0:2]: 0,0 Quantizer: UNIFORM)","scale":[0.00007987798016984016,0.00014704291243106127,0.00015980508760549128,0.00007517211633967236,0.00008138318662531674,0.00005743397923652083,0.00009610127744963393,0.00010736049443949014,0.000018087141143041663,0.00004995852941647172,0.00013515241153072566,7.216180986091558e-10,0.00015543827612418681,0.00007131124584702775,0.00003628521881182678,0.00010133798059541732],"size":16,"tensors":[{"name":"conv2d_1_bias","shape":[16]}],"zeropoint":[0,0,0,0,0,0,0,0,0,0,0,0,0,0,0,0],"zeros":0},{"c_bits":8,"c_id":22,"c_mem_pool":"weights","c_size_in_byte":2304,"c_type":"const int8_t","format":"ss8/ch(16)","is_const":true,"mem_pool":"weights","n_items":2304,"name":"conv2d_2_weights_array","offset":496,"padded":true,"raw_fmt":"(SIGNED, 8 bit, C Size: 8 bits Scales[0:2]: 0.007533358410000801,0.007420259993523359 Zeros[0:2]: 0,0 Quantizer: UNIFORM)","scale":[0.007533358410000801,0.007420259993523359,0.004647172521799803,0.00949863437563181,0.007587198633700609,0.0062059061601758,0.00828870665282011,0.009149515070021152,0.005499446764588356,0.006949188187718391,0.004909162875264883,0.007012660149484873,0.011365820653736591,0.0039246403612196445,0.004879386629909277,0.011602540500462055],"size":2304,"tensors":[{"intq":"conv2d_2_weights_array_intq","name":"conv2d_2_weights","shape":[16,3,3,16]}],"zeropoint":[0,0,0,0,0,0,0,0,0,0,0,0,0,0,0,0],"zeros":176},{"c_bits":32,"c_id":23,"c_mem_pool":"weights","c_size_in_byte":64,"c_type":"const int32_t","format":"ss32/ch(16)","is_const":true,"mem_pool":"weights","n_items":16,"name":"conv2d_2_bias_array","offset":2800,"padded":true,"raw_fmt":"(SIGNED, 32 bit, C Size: 32 bits Scales[0:2]: 0.000368180510122329,0.00036265302333049476 Zeros[0:2]: 0,0 Quantizer: UNIFORM)","scale":[0.000368180510122329,0.00036265302333049476,0.00022712291684001684,0.0004642301646526903,0.00037081187474541366,0.0003033034736290574,0.0004050969146192074,0.00044716752017848194,0.00026877643540501595,0.000339630147209391,0.0002399272780166939,0.0003427322371862829,0.0005554858362302184,0.0001918103516800329,0.00023847201373428106,0.0005670551327057183],"size":16,"tensors":[{"name":"conv2d_2_bias","shape":[16]}],"zeropoint":[0,0,0,0,0,0,0,0,0,0,0,0,0,0,0,0],"zeros":0},{"c_bits":8,"c_id":24,"c_mem_pool":"weights","c_size_in_byte":2304,"c_type":"const int8_t","format":"ss8/ch(16)","is_const":true,"mem_pool":"weights","n_items":2304,"name":"conv2d_3_weights_array","offset":2864,"padded":true,"raw_fmt":"(SIGNED, 8 bit, C Size: 8 bits Scales[0:2]: 0.0021054409444332123,0.006603964138776064 Zeros[0:2]: 0,0 Quantizer: UNIFORM)","scale":[0.0021054409444332123,0.006603964138776064,0.005007798317819834,0.0013205810682848096,0.0028163709212094545,0.008808149956166744,0.0036426461301743984,0.002845871029421687,0.0021006115712225437,0.0017479427624493837,0.0022268735338002443,0.011937698349356651,0.0014979274710640311,0.0012628495460376143,0.0012763601262122393,0.0017538106767460704],"size":2304,"tensors":[{"intq":"conv2d_3_weights_array_intq","name":"conv2d_3_weights","shape":[16,3,3,16]}],"zeropoint":[0,0,0,0,0,0,0,0,0,0,0,0,0,0,0,0],"zeros":26},{"c_bits":32,"c_id":25,"c_mem_pool":"weights","c_size_in_byte":64,"c_type":"const int32_t","format":"ss32/ch(16)","is_const":true,"mem_pool":"weights","n_items":16,"name":"conv2d_3_bias_array","offset":5168,"padded":true,"raw_fmt":"(SIGNED, 32 bit, C Size: 32 bits Scales[0:2]: 0.00021207964164204895,0.0006652128649875522 Zeros[0:2]: 0,0 Quantizer: UNIFORM)","scale":[0.00021207964164204895,0.0006652128649875522,0.0005044321296736598,0.00013302123988978565,0.000283691129880026,0.000887239002622664,0.0003669212746899575,0.00028666266007348895,0.00021159318566787988,0.0001760690938681364,0.00022431147226598114,0.0012024763273075223,0.00015088521467987448,0.00012720597442239523,0.00012856689863838255,0.0001766601635608822],"size":16,"tensors":[{"name":"conv2d_3_bias","shape":[16]}],"zeropoint":[0,0,0,0,0,0,0,0,0,0,0,0,0,0,0,0],"zeros":0},{"c_bits":8,"c_id":26,"c_mem_pool":"weights","c_size_in_byte":4608,"c_type":"const int8_t","format":"ss8/ch(32)","is_const":true,"mem_pool":"weights","n_items":4608,"name":"conv2d_5_weights_array","offset":5232,"padded":true,"raw_fmt":"(SIGNED, 8 bit, C Size: 8 bits Scales[0:2]: 0.0024306110572069883,0.005580580327659845 Zeros[0:2]: 0,0 Quantizer: UNIFORM)","scale":[0.0024306110572069883,0.005580580327659845,0.002936464501544833,0.0033078622072935104,0.0026059155352413654,0.00239078258164227,0.0026389285922050476,0.002048744121566415,0.005328128580003977,0.005188817158341408,0.0030074326787143946,0.0017423218814656138,0.007044186349958181,0.0016700286651030183,0.0024231220595538616,0.004594443365931511,0.0033371697645634413,0.0030839703977108,0.0020754968281835318,0.004477520938962698,0.0023430585861206055,0.0024279626086354256,0.003688340075314045,0.003880531992763281,0.0017121915007010102,0.004065265413373709,0.0029421739745885134,0.0026924435514956713,0.0020363079383969307,0.0033443684224039316,0.00255399732850492,0.003862749319523573],"size":4608,"tensors":[{"intq":"conv2d_5_weights_array_intq","name":"conv2d_5_weights","shape":[16,3,3,32]}],"zeropoint":[0,0,0,0,0,0,0,0,0,0,0,0,0,0,0,0,0,0,0,0,0,0,0,0,0,0,0,0,0,0,0,0],"zeros":51},{"c_bits":32,"c_id":27,"c_mem_pool":"weights","c_size_in_byte":128,"c_type":"const int32_t","format":"ss32/ch(32)","is_const":true,"mem_pool":"weights","n_items":32,"name":"conv2d_5_bias_array","offset":9840,"padded":true,"raw_fmt":"(SIGNED, 32 bit, C Size: 32 bits Scales[0:2]: 0.00020502919505815953,0.0004707383632194251 Zeros[0:2]: 0,0 Quantizer: UNIFORM)","scale":[0.00020502919505815953,0.0004707383632194251,0.00024769941228441894,0.0002790279104374349,0.0002198166330344975,0.00020166953618172556,0.00022260138939600438,0.00017281758482567966,0.0004494433233048767,0.00043769198236986995,0.0002536857791710645,0.0001469699782319367,0.0005941978306509554,0.00014087182353250682,0.00020439746731426567,0.0003875548136420548,0.00028150007710792124,0.0002601419691927731,0.00017507426673546433,0.00037769204936921597,0.00019764387980103493,0.00020480577950365841,0.00031112233409658074,0.00032733427360653877,0.00014442838437389582,0.00034291710471734405,0.00024818102247081697,0.00022711552446708083,0.00017176856636069715,0.00028210729942657053,0.0002154371904907748,0.0003258342621847987],"size":32,"tensors":[{"name":"conv2d_5_bias","shape":[32]}],"zeropoint":[0,0,0,0,0,0,0,0,0,0,0,0,0,0,0,0,0,0,0,0,0,0,0,0,0,0,0,0,0,0,0,0],"zeros":0},{"c_bits":8,"c_id":28,"c_mem_pool":"weights","c_size_in_byte":9216,"c_type":"const int8_t","format":"ss8/ch(32)","is_const":true,"mem_pool":"weights","n_items":9216,"name":"conv2d_6_weights_array","offset":9968,"padded":true,"raw_fmt":"(SIGNED, 8 bit, C Size: 8 bits Scales[0:2]: 0.00268297316506505,0.0028021337930113077 Zeros[0:2]: 0,0 Quantizer: UNIFORM)","scale":[0.00268297316506505,0.0028021337930113077,0.0017915208591148257,0.004641443956643343,0.003480771090835333,0.002137773670256138,0.002994397422298789,0.00290502212010324,0.001938071334734559,0.0018156564328819513,0.0021376649383455515,0.005552375223487616,0.0016434330027550459,0.0022755928803235292,0.004435620736330748,0.0017200727015733719,0.0022216574288904667,0.001862155506387353,0.00335708842612803,0.004109682980924845,0.0021048877388238907,0.001453627017326653,0.0024725068360567093,0.0015997037990018725,0.0035269861109554768,0.0019362694583833218,0.002994571113958955,0.0027045158203691244,0.0039913468062877655,0.0015541402390226722,0.002671322785317898,0.004564224276691675],"size":9216,"tensors":[{"intq":"conv2d_6_weights_array_intq","name":"conv2d_6_weights","shape":[32,3,3,32]}],"zeropoint":[0,0,0,0,0,0,0,0,0,0,0,0,0,0,0,0,0,0,0,0,0,0,0,0,0,0,0,0,0,0,0,0],"zeros":116},{"c_bits":32,"c_id":29,"c_mem_pool":"weights","c_size_in_byte":128,"c_type":"const int32_t","format":"ss32/ch(32)","is_const":true,"mem_pool":"weights","n_items":32,"name":"conv2d_6_bias_array","offset":19184,"padded":true,"raw_fmt":"(SIGNED, 32 bit, C Size: 32 bits Scales[0:2]: 0.000239661501836963,0.0002503057476133108 Zeros[0:2]: 0,0 Quantizer: UNIFORM)","scale":[0.000239661501836963,0.0002503057476133108,0.00016003088967408985,0.0004146055143792182,0.00031092626159079373,0.00019096056348644197,0.0002674800343811512,0.00025949644623324275,0.00017312177806161344,0.00016218684322666377,0.00019095084280706942,0.0004959761281497777,0.00014680267486255616,0.00020327151287347078,0.00039621995529159904,0.0001536486524855718,0.00019845363567583263,0.00016634045459795743,0.00029987809830345213,0.0003671049780678004,0.00018802296835929155,0.0001298479037359357,0.00022086121316533536,0.0001428964751539752,0.0003150545235257596,0.00017296081932727247,0.0002674955758266151,0.00024158584710676223,0.00035653437953442335,0.00013882643543183804,0.00023862080706749111,0.00040770770283415914],"size":32,"tensors":[{"name":"conv2d_6_bias","shape":[32]}],"zeropoint":[0,0,0,0,0,0,0,0,0,0,0,0,0,0,0,0,0,0,0,0,0,0,0,0,0,0,0,0,0,0,0,0],"zeros":0},{"c_bits":8,"c_id":30,"c_mem_pool":"weights","c_size_in_byte":512,"c_type":"const int8_t","format":"ss8/ch(32)","is_const":true,"mem_pool":"weights","n_items":512,"name":"conv2d_7_weights_array","offset":19312,"padded":true,"raw_fmt":"(SIGNED, 8 bit, C Size: 8 bits Scales[0:2]: 0.002025048481300473,0.0020293602719902992 Zeros[0:2]: 0,0 Quantizer: UNIFORM)","scale":[0.002025048481300473,0.0020293602719902992,0.0018230711575597525,0.0013272572541609406,0.0028899593744426966,0.0017328448593616486,0.001802106387913227,0.0014664591290056705,0.0011920664692297578,0.0013686110032722354,0.0028465588111430407,0.002170445630326867,0.003219309262931347,0.0016420003958046436,0.0029428733978420496,0.0026839044876396656,0.0020949833560734987,0.0016656372463330626,0.0024687424302101135,0.0014903581468388438,0.0018054028041660786,0.002484283410012722,0.0021277503110468388,0.001165308989584446,0.0026563918218016624,0.004539998713880777,0.0012615823652595282,0.003636660985648632,0.0014653881080448627,0.0016204327112063766,0.0014780453639104962,0.0012018732959404588],"size":512,"tensors":[{"intq":"conv2d_7_weights_array_intq","name":"conv2d_7_weights","shape":[16,1,1,32]}],"zeropoint":[0,0,0,0,0,0,0,0,0,0,0,0,0,0,0,0,0,0,0,0,0,0,0,0,0,0,0,0,0,0,0,0],"zeros":6},{"c_bits":32,"c_id":31,"c_mem_pool":"weights","c_size_in_byte":128,"c_type":"const int32_t","format":"ss32/ch(32)","is_const":true,"mem_pool":"weights","n_items":32,"name":"conv2d_7_bias_array","offset":19824,"padded":true,"raw_fmt":"(SIGNED, 32 bit, C Size: 32 bits Scales[0:2]: 0.0001708187919575721,0.0001711825025267899 Zeros[0:2]: 0,0 Quantizer: UNIFORM)","scale":[0.0001708187919575721,0.0001711825025267899,0.0001537814096082002,0.0001119580483646132,0.00024377656518481672,0.00014617055421695113,0.00015201297355815768,0.00012370014155749232,0.00010055430902866647,0.00011544636072358117,0.00024011560890357941,0.0001830834662541747,0.000271558208623901,0.00013850755931343883,0.00024824001593515277,0.00022639523376710713,0.00017671800742391497,0.00014050140453036875,0.0002082456776406616,0.00012571609113365412,0.00015229103155434132,0.00020955661602783948,0.00017948199820239097,0.00009829724149312824,0.00022407446522265673,0.0003829622291959822,0.00010641818516887724,0.00030676304595544934,0.00012360978871583939,0.00013668826431967318,0.0001246774772880599,0.00010138154902961105],"size":32,"tensors":[{"name":"conv2d_7_bias","shape":[32]}],"zeropoint":[0,0,0,0,0,0,0,0,0,0,0,0,0,0,0,0,0,0,0,0,0,0,0,0,0,0,0,0,0,0,0,0],"zeros":0},{"c_bits":8,"c_id":32,"c_mem_pool":"weights","c_size_in_byte":18432,"c_type":"const int8_t","format":"ss8/ch(64)","is_const":true,"mem_pool":"weights","n_items":18432,"name":"conv2d_9_weights_array","offset":19952,"padded":true,"raw_fmt":"(SIGNED, 8 bit, C Size: 8 bits Scales[0:2]: 0.0011931053595617414,0.0012956549180671573 Zeros[0:2]: 0,0 Quantizer: UNIFORM)","scale":[0.0011931053595617414,0.0012956549180671573,0.001057048561051488,0.0009429818019270897,0.001340291346423328,0.0010287172626703978,0.000846956274472177,0.0022586185950785875,0.0008345826645381749,0.0012578460155054927,0.0008057225495576859,0.0006454603280872107,0.001284866826608777,0.0009135470609180629,0.0016316338442265987,0.001220813486725092,0.0006528109661303461,0.002769478829577565,0.0016277926042675972,0.0008379793725907803,0.000992298824712634,0.0009821263374760747,0.0009178512264043093,0.000880510313436389,0.001607731799595058,0.001799758872948587,0.0010733138769865036,0.0008800778887234628,0.0012501508463174105,0.0011551659554243088,0.0014975809026509523,0.0009577667224220932,0.0011937370290979743,0.0015067775966599584,0.0011867739958688617,0.0010597596410661936,0.0014165223110467196,0.0010910864220932126,0.0012305730488151312,0.000867504277266562,0.0011605063918977976,0.0010619756067171693,0.0009173172293230891,0.0011560347629711032,0.0009354047360830009,0.001973014557734132,0.0012401032727211714,0.0017178731504827738,0.0015472278464585543,0.0014052428305149078,0.0012145465007051826,0.001119552762247622,0.0016417342703789473,0.001495902775786817,0.0012783880811184645,0.0023878123611211777,0.0010344971669837832,0.0009535306598991156,0.0016472155693918467,0.0010654180077835917,0.0012936986749991775,0.001122338231652975,0.0014483293052762747,0.0009359315154142678],"size":18432,"tensors":[{"intq":"conv2d_9_weights_array_intq","name":"conv2d_9_weights","shape":[32,3,3,64]}],"zeropoint":[0,0,0,0,0,0,0,0,0,0,0,0,0,0,0,0,0,0,0,0,0,0,0,0,0,0,0,0,0,0,0,0,0,0,0,0,0,0,0,0,0,0,0,0,0,0,0,0,0,0,0,0,0,0,0,0,0,0,0,0,0,0,0,0],"zeros":200},{"c_bits":32,"c_id":33,"c_mem_pool":"weights","c_size_in_byte":256,"c_type":"const int32_t","format":"ss32/ch(64)","is_const":true,"mem_pool":"weights","n_items":64,"name":"conv2d_9_bias_array","offset":38384,"padded":true,"raw_fmt":"(SIGNED, 32 bit, C Size: 32 bits Scales[0:2]: 0.0001270387729164213,0.00013795799168292433 Zeros[0:2]: 0,0 Quantizer: UNIFORM)","scale":[0.0001270387729164213,0.00013795799168292433,0.00011255180288571864,0.00010040626511909068,0.00014271076361183077,0.00010953515447909012,0.0000901817184058018,0.0002404918777756393,0.00008886420982889831,0.0001339321897830814,0.00008579125278629363,0.00006872694939374924,0.00013680930715054274,0.00009727213182486594,0.0001737321581458673,0.00012998907186556607,0.00006950962415430695,0.00029488696600310504,0.00017332314746454358,0.00008922587585402653,0.00010565741831669584,0.00010457427561050281,0.00009773042984306812,0.00009375446097692475,0.00017118713003583252,0.0001916336768772453,0.00011428369180066511,0.0000937084187171422,0.000133112829644233,0.00012299908848945051,0.00015945854829624295,0.00010198052768828347,0.0001271060318686068,0.00016043779032770544,0.00012636462633963674,0.00011284046922810376,0.00015082763275131583,0.00011617606651270762,0.00013102823868393898,0.00009236961341230199,0.00012356771912891418,0.00011307642125757411,0.00009767356823431328,0.00012309159501455724,0.00009959947783499956,0.00021008148905821145,0.00013204298738855869,0.0001829146931413561,0.00016474482254125178,0.00014962663408368826,0.00012932177924085408,0.00011920708493562415,0.00017480761744081974,0.00015927986532915384,0.00013611945905722678,0.00025424809427931905,0.00011015058407792822,0.00010152948379982263,0.00017539126565679908,0.00011344295489834622,0.0001377496955683455,0.00011950367479585111,0.00015421435819007456,0.0000996555681922473],"size":64,"tensors":[{"name":"conv2d_9_bias","shape":[64]}],"zeropoint":[0,0,0,0,0,0,0,0,0,0,0,0,0,0,0,0,0,0,0,0,0,0,0,0,0,0,0,0,0,0,0,0,0,0,0,0,0,0,0,0,0,0,0,0,0,0,0,0,0,0,0,0,0,0,0,0,0,0,0,0,0,0,0,0],"zeros":0},{"c_bits":8,"c_id":34,"c_mem_pool":"weights","c_size_in_byte":36864,"c_type":"const int8_t","format":"ss8/ch(64)","is_const":true,"mem_pool":"weights","n_items":36864,"name":"conv2d_10_weights_array","offset":38640,"padded":true,"raw_fmt":"(SIGNED, 8 bit, C Size: 8 bits Scales[0:2]: 0.006630377843976021,0.009925642982125282 Zeros[0:2]: 0,0 Quantizer: UNIFORM)","scale":[0.006630377843976021,0.009925642982125282,0.007353961002081633,0.007296040654182434,0.012638876214623451,0.00643630838021636,0.007266674190759659,0.0060724373906850815,0.008326815441250801,0.007252092938870192,0.011982182040810585,0.009252684190869331,0.0068100327625870705,0.011373547837138176,0.008678851649165154,0.007478833198547363,0.0069026462733745575,0.006878254935145378,0.006153414957225323,0.00786297395825386,0.006625048816204071,0.006375862285494804,0.006889573764055967,0.007531543727964163,0.009062775410711765,0.007563851773738861,0.006949306465685368,0.0066721318289637566,0.007752399425953627,0.006910013034939766,0.007933628745377064,0.006539045367389917,0.009097276255488396,0.009519185870885849,0.008586651645600796,0.008647467941045761,0.007935657165944576,0.0071214172057807446,0.008116315118968487,0.0073653701692819595,0.006812394130975008,0.009054552763700485,0.008113274350762367,0.007515280041843653,0.008414318785071373,0.010147470980882645,0.00837647169828415,0.008500540629029274,0.008463406935334206,0.009036441333591938,0.007315929513424635,0.005846925545483828,0.007013502065092325,0.00857930351048708,0.007315455004572868,0.008346879854798317,0.008924664929509163,0.007523905951529741,0.006483123172074556,0.006446187384426594,0.008496470749378204,0.008134571835398674,0.005334155168384314,0.007379643619060516],"size":36864,"tensors":[{"intq":"conv2d_10_weights_array_intq","name":"conv2d_10_weights","shape":[64,3,3,64]}],"zeropoint":[0,0,0,0,0,0,0,0,0,0,0,0,0,0,0,0,0,0,0,0,0,0,0,0,0,0,0,0,0,0,0,0,0,0,0,0,0,0,0,0,0,0,0,0,0,0,0,0,0,0,0,0,0,0,0,0,0,0,0,0,0,0,0,0],"zeros":454},{"c_bits":32,"c_id":35,"c_mem_pool":"weights","c_size_in_byte":256,"c_type":"const int32_t","format":"ss32/ch(64)","is_const":true,"mem_pool":"weights","n_items":64,"name":"conv2d_10_bias_array","offset":75504,"padded":true,"raw_fmt":"(SIGNED, 32 bit, C Size: 32 bits Scales[0:2]: 0.0003107227967120707,0.0004651504859793931 Zeros[0:2]: 0,0 Quantizer: UNIFORM)","scale":[0.0003107227967120707,0.0004651504859793931,0.000344632426276803,0.0003419180866330862,0.0005923021235503256,0.00030162802431732416,0.00034054185380227864,0.0002845757408067584,0.00039022380951792,0.000339858524966985,0.0005615271511487663,0.00043361325515434146,0.000319142040098086,0.0005330044077709317,0.0004067214613314718,0.0003504843916743994,0.0003234822361264378,0.00032233918318524957,0.00028837061836384237,0.000368486566003412,0.00031047305674292147,0.00029879529029130936,0.000322869629599154,0.00035295457928441465,0.00042471347842365503,0.0003544686478562653,0.00032566889422014356,0.0003126795345451683,0.00036330465809442103,0.00032382746576331556,0.0003717977087944746,0.0003064426127821207,0.0004263303126208484,0.00044610246550291777,0.0004024006484542042,0.00040525069925934076,0.0003718927619047463,0.0003337346133776009,0.00038035903708077967,0.00034516712184995413,0.00031925272196531296,0.0004243281437084079,0.00038021651562303305,0.0003521924081724137,0.00039432451012544334,0.0004755461122840643,0.0003925508644897491,0.0003983651695307344,0.00039662496419623494,0.0004234793595969677,0.0003428501368034631,0.0002740074705798179,0.00032867732807062566,0.00040205629193224013,0.00034282790147699416,0.00039116409607231617,0.00041824113577604294,0.00035259666037745774,0.00030382192926481366,0.0003020909789483994,0.00039817445212975144,0.00038121460238471627,0.00024997725267894566,0.00034583601518534124],"size":64,"tensors":[{"name":"conv2d_10_bias","shape":[64]}],"zeropoint":[0,0,0,0,0,0,0,0,0,0,0,0,0,0,0,0,0,0,0,0,0,0,0,0,0,0,0,0,0,0,0,0,0,0,0,0,0,0,0,0,0,0,0,0,0,0,0,0,0,0,0,0,0,0,0,0,0,0,0,0,0,0,0,0],"zeros":0},{"c_bits":8,"c_id":36,"c_mem_pool":"weights","c_size_in_byte":2048,"c_type":"const int8_t","format":"ss8/ch(64)","is_const":true,"mem_pool":"weights","n_items":2048,"name":"conv2d_11_weights_array","offset":75760,"padded":true,"raw_fmt":"(SIGNED, 8 bit, C Size: 8 bits Scales[0:2]: 0.0018708539428189397,0.0020410779397934675 Zeros[0:2]: 0,0 Quantizer: UNIFORM)","scale":[0.0018708539428189397,0.0020410779397934675,0.002676532370969653,0.0011166637996211648,0.0026772506535053253,0.002363154198974371,0.002088756300508976,0.002848768373951316,0.0018473007949069142,0.0015135573921725154,0.0034983395598828793,0.0024656816385686398,0.002183728152886033,0.0027479741256684065,0.0014471672475337982,0.0014462784165516496,0.0028243339620530605,0.0032561689149588346,0.002172090345993638,0.0019996999762952328,0.0014803317608311772,0.002073619281873107,0.0025066218804568052,0.0025308362673968077,0.0028567896224558353,0.0012219430645927787,0.003322219243273139,0.003106539137661457,0.0034195759799331427,0.00279727834276855,0.001091712387278676,0.0032759865280240774,0.0034226803109049797,0.002794322557747364,0.0022793784737586975,0.0037611392326653004,0.002501048380509019,0.0031970753334462643,0.0032035447657108307,0.003208907786756754,0.0033418522216379642,0.002963428385555744,0.0022000863682478666,0.0016034982400014997,0.0017963969148695469,0.003328231628984213,0.003509761532768607,0.002923381282016635,0.003343846183270216,0.0015009710332378745,0.0034682361874729395,0.0014309006510302424,0.0024256298784166574,0.0028121494688093662,0.0036793029867112637,0.0030059965793043375,0.003256898606196046,0.0033471828792244196,0.00205664592795074,0.001645425334572792,0.0020799727644771338,0.0024114951957017183,0.003377014072611928,0.0013876059092581272],"size":2048,"tensors":[{"intq":"conv2d_11_weights_array_intq","name":"conv2d_11_weights","shape":[32,1,1,64]}],"zeropoint":[0,0,0,0,0,0,0,0,0,0,0,0,0,0,0,0,0,0,0,0,0,0,0,0,0,0,0,0,0,0,0,0,0,0,0,0,0,0,0,0,0,0,0,0,0,0,0,0,0,0,0,0,0,0,0,0,0,0,0,0,0,0,0,0],"zeros":39},{"c_bits":32,"c_id":37,"c_mem_pool":"weights","c_size_in_byte":256,"c_type":"const int32_t","format":"ss32/ch(64)","is_const":true,"mem_pool":"weights","n_items":64,"name":"conv2d_11_bias_array","offset":77808,"padded":true,"raw_fmt":"(SIGNED, 32 bit, C Size: 32 bits Scales[0:2]: 0.00019920369959436357,0.00021732870663981885 Zeros[0:2]: 0,0 Quantizer: UNIFORM)","scale":[0.00019920369959436357,0.00021732870663981885,0.00028499026666395366,0.00011889947927556932,0.0002850667224265635,0.00025162255042232573,0.00022240537509787828,0.00030332949245348573,0.00019669582252390683,0.00016115968173835427,0.00037249416345730424,0.000262539426330477,0.00023251773382071406,0.00029259719303809106,0.000154090637806803,0.0001539959921501577,0.0003007277846336365,0.00034670846071094275,0.00023127856547944248,0.00021292288147378713,0.0001576219074195251,0.0002207936195190996,0.00026689862716011703,0.0002694769063964486,0.00030418357346206903,0.00013010934344492853,0.0003537413140293211,0.00033077626721933484,0.00036410760367289186,0.00029784697107970715,0.00011624271428445354,0.0003488185757305473,0.00036443816497921944,0.00029753224225714803,0.00024270232825074345,0.00040047639049589634,0.0002663051709532738,0.00034041632898151875,0.0003411051584407687,0.0003416762046981603,0.00035583178396336734,0.00031553820008412004,0.0002342595107620582,0.0001707363553578034,0.00019127569976262748,0.00035438151098787785,0.00037371035432443023,0.00031127408146858215,0.0003560440964065492,0.00015981952310539782,0.00036928884219378233,0.00015235861064866185,0.00025827481294982135,0.00029943042318336666,0.0003917626745533198,0.00032007074332796037,0.00034678613883443177,0.000356399395968765,0.00021898634440731257,0.00017520063556730747,0.00022147012350615114,0.0002567697665654123,0.000359575729817152,0.0001477486948715523],"size":64,"tensors":[{"name":"conv2d_11_bias","shape":[64]}],"zeropoint":[0,0,0,0,0,0,0,0,0,0,0,0,0,0,0,0,0,0,0,0,0,0,0,0,0,0,0,0,0,0,0,0,0,0,0,0,0,0,0,0,0,0,0,0,0,0,0,0,0,0,0,0,0,0,0,0,0,0,0,0,0,0,0,0],"zeros":0},{"c_bits":8,"c_id":38,"c_mem_pool":"weights","c_size_in_byte":640,"c_type":"const int8_t","format":"ss8","is_const":true,"mem_pool":"weights","n_items":640,"name":"gemm_15_weights_array","offset":78064,"padded":true,"raw_fmt":"(SIGNED, 8 bit, C Size: 8 bits Scales: [0.04745035991072655] Zeros: [0] Quantizer: UNIFORM)","scale":[0.04745035991072655],"size":640,"tensors":[{"intq":"gemm_15_weights_array_intq","name":"gemm_15_weights","shape":[64,10]}],"zeropoint":[0],"zeros":2},{"c_bits":32,"c_id":39,"c_mem_pool":"weights","c_size_in_byte":40,"c_type":"const int32_t","format":"ss32","is_const":true,"mem_pool":"weights","n_items":10,"name":"gemm_15_bias_array","offset":78704,"padded":true,"raw_fmt":"(SIGNED, 32 bit, C Size: 32 bits Scales: [0.005080954171717167] Zeros: [0] Quantizer: UNIFORM)","scale":[0.005080954171717167],"size":10,"tensors":[{"name":"gemm_15_bias","shape":[10]}],"zeropoint":[0],"zeros":0},{"c_bits":8,"c_id":40,"c_mem_pool":"**default**","c_size_in_byte":1196,"c_type":"int8_t","format":"s8","is_const":false,"mem_pool":"activations","n_items":1196,"name":"conv2d_1_scratch0_array","offset":17444,"padded":true,"raw_fmt":"(SIGNED, 8 bit, C Size: 8 bits)","size":1196,"tensors":[{"name":"conv2d_1_scratch0","shape":[1,1,1,1196]}]},{"c_bits":8,"c_id":41,"c_mem_pool":"**default**","c_size_in_byte":5408,"c_type":"int8_t","format":"s8","is_const":false,"mem_pool":"activations","n_items":5408,"name":"conv2d_2_scratch0_array","offset":34880,"padded":true,"raw_fmt":"(SIGNED, 8 bit, C Size: 8 bits)","size":5408,"tensors":[{"name":"conv2d_2_scratch0","shape":[1,1,1,5408]}]},{"c_bits":8,"c_id":42,"c_mem_pool":"**default**","c_size_in_byte":5408,"c_type":"int8_t","format":"s8","is_const":false,"mem_pool":"activations","n_items":5408,"name":"conv2d_3_scratch0_array","offset":34880,"padded":true,"raw_fmt":"(SIGNED, 8 bit, C Size: 8 bits)","size":5408,"tensors":[{"name":"conv2d_3_scratch0","shape":[1,1,1,5408]}]},{"c_bits":8,"c_id":43,"c_mem_pool":"**default**","c_size_in_byte":3072,"c_type":"uint8_t","format":"ua8","io_type":"input","is_const":false,"mem_pool":"activations","n_items":3072,"name":"serving_default_input_10_output_array","offset":14372,"padded":true,"raw_fmt":"(UNSIGNED, 8 bit, C Size: 8 bits Scales: [0.003921568859368563] Zeros: [0] Quantizer: UNIFORM)","scale":[0.003921568859368563],"size":3072,"tensors":[{"intq":"serving_default_input_10_output_array_intq","name":"serving_default_input_10_output","shape":[1,32,32,3]}],"zeropoint":[0]},{"c_bits":8,"c_id":44,"c_mem_pool":"**default**","c_size_in_byte":6144,"c_type":"int8_t","format":"s8","is_const":false,"mem_pool":"activations","n_items":6144,"name":"conv2d_5_scratch0_array","offset":0,"padded":true,"raw_fmt":"(SIGNED, 8 bit, C Size: 8 bits)","size":6144,"tensors":[{"name":"conv2d_5_scratch0","shape":[1,1,1,6144]}]},{"c_bits":8,"c_id":45,"c_mem_pool":"**default**","c_size_in_byte":3073,"c_type":"int8_t","format":"sa8","is_const":false,"mem_pool":"activations","n_items":3072,"name":"conversion_0_output_array","offset":14368,"padded":true,"raw_fmt":"(SIGNED, 8 bit, C Size: 8 bits Scales: [0.003921568859368563] Zeros: [-128] Quantizer: UNIFORM)","scale":[0.003921568859368563],"size":3073,"tensors":[{"intq":"conversion_0_output_array_intq","name":"conversion_0_output","shape":[1,32,32,3]}],"zeropoint":[-128]},{"c_bits":8,"c_id":46,"c_mem_pool":"**default**","c_size_in_byte":16384,"c_type":"int8_t","format":"sa8","is_const":false,"mem_pool":"activations","n_items":16384,"name":"conv2d_1_output_array","offset":0,"padded":true,"raw_fmt":"(SIGNED, 8 bit, C Size: 8 bits Scales: [0.048873357474803925] Zeros: [-128] Quantizer: UNIFORM)","scale":[0.048873357474803925],"size":16384,"tensors":[{"intq":"conv2d_1_output_array_intq","name":"conv2d_1_output","shape":[1,32,32,16]}],"zeropoint":[-128]},{"c_bits":8,"c_id":47,"c_mem_pool":"**default**","c_size_in_byte":18496,"c_type":"int8_t","format":"sa8","is_const":false,"mem_pool":"activations","n_items":18496,"name":"conv2d_2_pad_before_output_array","offset":16384,"padded":true,"raw_fmt":"(SIGNED, 8 bit, C Size: 8 bits Scales: [0.048873357474803925] Zeros: [-128] Quantizer: UNIFORM)","scale":[0.048873357474803925],"size":18496,"tensors":[{"intq":"conv2d_2_pad_before_output_array_intq","name":"conv2d_2_pad_before_output","shape":[1,34,34,16]}],"zeropoint":[-128]},{"c_bits":8,"c_id":48,"c_mem_pool":"**default**","c_size_in_byte":6720,"c_type":"int8_t","format":"s8","is_const":false,"mem_pool":"activations","n_items":6720,"name":"conv2d_6_scratch0_array","offset":0,"padded":true,"raw_fmt":"(SIGNED, 8 bit, C Size: 8 bits)","size":6720,"tensors":[{"name":"conv2d_6_scratch0","shape":[1,1,1,6720]}]},{"c_bits":8,"c_id":49,"c_mem_pool":"**default**","c_size_in_byte":16384,"c_type":"int8_t","format":"sa8","is_const":false,"mem_pool":"activations","n_items":16384,"name":"conv2d_2_output_array","offset":40288,"padded":true,"raw_fmt":"(SIGNED, 8 bit, C Size: 8 bits Scales: [0.1007293239235878] Zeros: [-128] Quantizer: UNIFORM)","scale":[0.1007293239235878],"size":16384,"tensors":[{"intq":"conv2d_2_output_array_intq","name":"conv2d_2_output","shape":[1,32,32,16]}],"zeropoint":[-128]},{"c_bits":8,"c_id":50,"c_mem_pool":"**default**","c_size_in_byte":18496,"c_type":"int8_t","format":"sa8","is_const":false,"mem_pool":"activations","n_items":18496,"name":"conv2d_3_pad_before_output_array","offset":16384,"padded":true,"raw_fmt":"(SIGNED, 8 bit, C Size: 8 bits Scales: [0.1007293239235878] Zeros: [-128] Quantizer: UNIFORM)","scale":[0.1007293239235878],"size":18496,"tensors":[{"intq":"conv2d_3_pad_before_output_array_intq","name":"conv2d_3_pad_before_output","shape":[1,34,34,16]}],"zeropoint":[-128]},{"c_bits":8,"c_id":51,"c_mem_pool":"**default**","c_size_in_byte":16384,"c_type":"int8_t","format":"sa8","is_const":false,"mem_pool":"activations","n_items":16384,"name":"conv2d_3_output_array","offset":40288,"padded":true,"raw_fmt":"(SIGNED, 8 bit, C Size: 8 bits Scales: [0.2574785649776459] Zeros: [50] Quantizer: UNIFORM)","scale":[0.2574785649776459],"size":16384,"tensors":[{"intq":"conv2d_3_output_array_intq","name":"conv2d_3_output","shape":[1,32,32,16]}],"zeropoint":[50]},{"c_bits":8,"c_id":52,"c_mem_pool":"**default**","c_size_in_byte":1536,"c_type":"int8_t","format":"s8","is_const":false,"mem_pool":"activations","n_items":1536,"name":"conv2d_7_scratch0_array","offset":0,"padded":true,"raw_fmt":"(SIGNED, 8 bit, C Size: 8 bits)","size":1536,"tensors":[{"name":"conv2d_7_scratch0","shape":[1,1,1,1536]}]},{"c_bits":8,"c_id":53,"c_mem_pool":"**default**","c_size_in_byte":16384,"c_type":"int8_t","format":"sa8","is_const":false,"mem_pool":"activations","n_items":16384,"name":"eltwise_4_output_array","offset":16384,"padded":true,"raw_fmt":"(SIGNED, 8 bit, C Size: 8 bits Scales: [0.08435294032096863] Zeros: [-128] Quantizer: UNIFORM)","scale":[0.08435294032096863],"size":16384,"tensors":[{"intq":"eltwise_4_output_array_intq","name":"eltwise_4_output","shape":[1,32,32,16]}],"zeropoint":[-128]},{"c_bits":8,"c_id":54,"c_mem_pool":"**default**","c_size_in_byte":18496,"c_type":"int8_t","format":"sa8","is_const":false,"mem_pool":"activations","n_items":18496,"name":"conv2d_5_pad_before_output_array","offset":32768,"padded":true,"raw_fmt":"(SIGNED, 8 bit, C Size: 8 bits Scales: [0.08435294032096863] Zeros: [-128] Quantizer: UNIFORM)","scale":[0.08435294032096863],"size":18496,"tensors":[{"intq":"conv2d_5_pad_before_output_array_intq","name":"conv2d_5_pad_before_output","shape":[1,34,34,16]}],"zeropoint":[-128]}],"c_arrays_n":55,"c_intq_n":33,"c_layers":[{"c_code_emit":true,"c_forward":"node_convert_integer","c_id":0,"layer_type":"converter","m_id":0,"macc":6144,"name":"conversion_0","next":"conv2d_1","op_by_type":{"conv_u8_s8":6144},"rom":0,"tensors":{"inputs":["serving_default_input_10_output"],"outputs":["conversion_0_output"],"scratchs":[],"weights":[]},"weight_sparsity":[0,1,0]},{"c_code_emit":true,"c_forward":"forward_conv2d_rgb_sssa8_ch","c_id":1,"layer_type":"optimized_conv2d","m_id":1,"macc":442384,"name":"conv2d_1","next":"conv2d_2_pad_before","op_by_type":{"smul_s8_s8":442384},"rom":496,"tensors":{"inputs":["conversion_0_output"],"outputs":["conv2d_1_output"],"scratchs":["conv2d_1_scratch0"],"weights":["conv2d_1_weights","conv2d_1_bias"]},"weight_sparsity":[0.0848214285714286,448,38]},{"c_code_emit":true,"c_forward":"forward_pad","c_id":2,"layer_type":"pad","m_id":2,"macc":0,"name":"conv2d_2_pad_before","next":"conv2d_2","op_by_type":{"smul_s8_s8":0},"rom":0,"tensors":{"inputs":["conv2d_1_output"],"outputs":["conv2d_2_pad_before_output"],"scratchs":[],"weights":[]},"weight_sparsity":[0,1,0]},{"c_code_emit":true,"c_forward":"forward_conv2d_deep_3x3_sssa8_ch","c_id":3,"layer_type":"conv2d","m_id":2,"macc":2359312,"name":"conv2d_2","next":"conv2d_3_pad_before","op_by_type":{"smul_s8_s8":2359312},"rom":2368,"tensors":{"inputs":["conv2d_2_pad_before_output"],"outputs":["conv2d_2_output"],"scratchs":["conv2d_2_scratch0"],"weights":["conv2d_2_weights","conv2d_2_bias"]},"weight_sparsity":[0.07586206896551728,2320,176]},{"c_code_emit":true,"c_forward":"forward_pad","c_id":4,"layer_type":"pad","m_id":3,"macc":0,"name":"conv2d_3_pad_before","next":"conv2d_3","op_by_type":{"smul_s8_s8":0},"rom":0,"tensors":{"inputs":["conv2d_2_output"],"outputs":["conv2d_3_pad_before_output"],"scratchs":[],"weights":[]},"weight_sparsity":[0,1,0]},{"c_code_emit":true,"c_forward":"forward_conv2d_deep_3x3_sssa8_ch","c_id":5,"layer_type":"conv2d","m_id":3,"macc":2359312,"name":"conv2d_3","next":"eltwise_4","op_by_type":{"smul_s8_s8":2359312},"rom":2368,"tensors":{"inputs":["conv2d_3_pad_before_output"],"outputs":["conv2d_3_output"],"scratchs":["conv2d_3_scratch0"],"weights":["conv2d_3_weights","conv2d_3_bias"]},"weight_sparsity":[0.011206896551724133,2320,26]},{"c_code_emit":true,"c_forward":"forward_eltwise_integer_INT8","c_id":6,"layer_type":"eltwise_integer/sum","m_id":4,"macc":16384,"name":"eltwise_4","next":"conv2d_5_pad_before","op_by_type":{"op_s8_s8":16384},"rom":0,"tensors":{"inputs":["conv2d_1_output","conv2d_3_output"],"outputs":["eltwise_4_output"],"scratchs":[],"weights":[]},"weight_sparsity":[0,1,0]},{"c_code_emit":true,"c_forward":"forward_pad","c_id":7,"layer_type":"pad","m_id":5,"macc":0,"name":"conv2d_5_pad_before","next":"conv2d_5","op_by_type":{"smul_s8_s8":0},"rom":0,"tensors":{"inputs":["eltwise_4_output"],"outputs":["conv2d_5_pad_before_output"],"scratchs":[],"weights":[]},"weight_sparsity":[0,1,0]},{"c_code_emit":true,"c_forward":"forward_conv2d_deep_sssa8_ch","c_id":8,"layer_type":"conv2d","m_id":5,"macc":1179680,"name":"conv2d_5","next":"conv2d_6_pad_before","op_by_type":{"smul_s8_s8":1179680},"rom":4736,"tensors":{"inputs":["conv2d_5_pad_before_output"],"outputs":["conv2d_5_output"],"scratchs":["conv2d_5_scratch0"],"weights":["conv2d_5_weights","conv2d_5_bias"]},"weight_sparsity":[0.010991379310344773,4640,51]},{"c_code_emit":true,"c_forward":"forward_pad","c_id":9,"layer_type":"pad","m_id":6,"macc":0,"name":"conv2d_6_pad_before","next":"conv2d_6","op_by_type":{"smul_s8_s8":0},"rom":0,"tensors":{"inputs":["conv2d_5_output"],"outputs":["conv2d_6_pad_before_output"],"scratchs":[],"weights":[]},"weight_sparsity":[0,1,0]},{"c_code_emit":true,"c_forward":"forward_conv2d_deep_3x3_sssa8_ch","c_id":10,"layer_type":"conv2d","m_id":6,"macc":2359328,"name":"conv2d_6","next":"conv2d_7","op_by_type":{"smul_s8_s8":2359328},"rom":9344,"tensors":{"inputs":["conv2d_6_pad_before_output"],"outputs":["conv2d_6_output"],"scratchs":["conv2d_6_scratch0"],"weights":["conv2d_6_weights","conv2d_6_bias"]},"weight_sparsity":[0.012543252595155763,9248,116]},{"c_code_emit":true,"c_forward":"forward_conv2d_deep_sssa8_ch","c_id":11,"layer_type":"conv2d","m_id":7,"macc":131104,"name":"conv2d_7","next":"eltwise_8","op_by_type":{"smul_s8_s8":131104},"rom":640,"tensors":{"inputs":["eltwise_4_output"],"outputs":["conv2d_7_output"],"scratchs":["conv2d_7_scratch0"],"weights":["conv2d_7_weights","conv2d_7_bias"]},"weight_sparsity":[0.011029411764705843,544,6]},{"c_code_emit":true,"c_forward":"forward_eltwise_integer_INT8","c_id":12,"layer_type":"eltwise_integer/sum","m_id":8,"macc":8192,"name":"eltwise_8","next":"conv2d_9_pad_before","op_by_type":{"op_s8_s8":8192},"rom":0,"tensors":{"inputs":["conv2d_7_output","conv2d_6_output"],"outputs":["eltwise_8_output"],"scratchs":[],"weights":[]},"weight_sparsity":[0,1,0]},{"c_code_emit":true,"c_forward":"forward_pad","c_id":13,"layer_type":"pad","m_id":9,"macc":0,"name":"conv2d_9_pad_before","next":"conv2d_9","op_by_type":{"smul_s8_s8":0},"rom":0,"tensors":{"inputs":["eltwise_8_output"],"outputs":["conv2d_9_pad_before_output"],"scratchs":[],"weights":[]},"weight_sparsity":[0,1,0]},{"c_code_emit":true,"c_forward":"forward_conv2d_deep_sssa8_ch","c_id":14,"layer_type":"conv2d","m_id":9,"macc":1179712,"name":"conv2d_9","next":"conv2d_10_pad_before","op_by_type":{"smul_s8_s8":1179712},"rom":18688,"tensors":{"inputs":["conv2d_9_pad_before_output"],"outputs":["conv2d_9_output"],"scratchs":["conv2d_9_scratch0"],"weights":["conv2d_9_weights","conv2d_9_bias"]},"weight_sparsity":[0.010813148788927363,18496,200]},{"c_code_emit":true,"c_forward":"forward_pad","c_id":15,"layer_type":"pad","m_id":10,"macc":0,"name":"conv2d_10_pad_before","next":"conv2d_10","op_by_type":{"smul_s8_s8":0},"rom":0,"tensors":{"inputs":["conv2d_9_output"],"outputs":["conv2d_10_pad_before_output"],"scratchs":[],"weights":[]},"weight_sparsity":[0,1,0]},{"c_code_emit":true,"c_forward":"forward_conv2d_deep_3x3_sssa8_ch","c_id":16,"layer_type":"conv2d","m_id":10,"macc":2359360,"name":"conv2d_10","next":"conv2d_11","op_by_type":{"smul_s8_s8":2359360},"rom":37120,"tensors":{"inputs":["conv2d_10_pad_before_output"],"outputs":["conv2d_10_output"],"scratchs":["conv2d_10_scratch0"],"weights":["conv2d_10_weights","conv2d_10_bias"]},"weight_sparsity":[0.01229419410745236,36928,454]},{"c_code_emit":true,"c_forward":"forward_conv2d_deep_sssa8_ch","c_id":17,"layer_type":"conv2d","m_id":11,"macc":131136,"name":"conv2d_11","next":"eltwise_12","op_by_type":{"smul_s8_s8":131136},"rom":2304,"tensors":{"inputs":["eltwise_8_output"],"outputs":["conv2d_11_output"],"scratchs":["conv2d_11_scratch0"],"weights":["conv2d_11_weights","conv2d_11_bias"]},"weight_sparsity":[0.01846590909090906,2112,39]},{"c_code_emit":true,"c_forward":"forward_eltwise_integer_INT8","c_id":18,"layer_type":"eltwise_integer/sum","m_id":12,"macc":4096,"name":"eltwise_12","next":"pool_13","op_by_type":{"op_s8_s8":4096},"rom":0,"tensors":{"inputs":["conv2d_11_output","conv2d_10_output"],"outputs":["eltwise_12_output"],"scratchs":[],"weights":[]},"weight_sparsity":[0,1,0]},{"c_code_emit":true,"c_forward":"forward_ap_integer_INT8","c_id":19,"layer_type":"pool","m_id":13,"macc":4096,"name":"pool_13","next":"gemm_15","op_by_type":{"op_s8_s8":4096},"rom":0,"tensors":{"inputs":["eltwise_12_output"],"outputs":["pool_13_output"],"scratchs":[],"weights":[]},"weight_sparsity":[0,1,0]},{"c_code_emit":true,"c_forward":"forward_dense_integer_SSSA","c_id":20,"layer_type":"dense","m_id":15,"macc":650,"name":"gemm_15","next":"nl_16","op_by_type":{"smul_s8_s8":650},"rom":680,"tensors":{"inputs":["pool_13_output"],"outputs":["gemm_15_output"],"scratchs":["gemm_15_scratch0"],"weights":["gemm_15_weights","gemm_15_bias"]},"weight_sparsity":[0.003076923076923088,650,2]},{"c_code_emit":true,"c_forward":"forward_sm_integer","c_id":21,"layer_type":"nl","m_id":16,"macc":150,"name":"nl_16","next":"conversion_17","op_by_type":{"op_s8_s8":150},"rom":0,"tensors":{"inputs":["gemm_15_output"],"outputs":["nl_16_output"],"scratchs":["nl_16_scratch0"],"weights":[]},"weight_sparsity":[0,1,0]},{"c_code_emit":true,"c_forward":"node_convert","c_id":22,"layer_type":"converter","m_id":17,"macc":20,"name":"conversion_17","next":"conversion_17","op_by_type":{"conv_s8_f32":20},"rom":0,"tensors":{"inputs":["nl_16_output"],"outputs":["conversion_17_output"],"scratchs":[],"weights":[]},"weight_sparsity":[0,1,0]}],"c_name":"network","c_nodes_n":23,"c_tensors_n":55,"c_weights_count":1,"c_weights_header":0,"compilation_options":{"compression":"lossless","optimization":"balanced","options":["allocate-inputs","allocate-outputs"]},"data_alignment":4,"date_time":"Mon Feb  5 12:44:07 2024","inputs":["serving_default_input_10_output"],"macc":12541060,"memory_footprint":{"activations":56672,"io":[0,0],"series":"generic","weights":78744},"memory_pools":[],"model_fmt":"ss/sa per channel","model_name":"resnet_v1_8_32_int8_image_classification_cifar10","model_signature":"d295b74edcc29d562192333565e70c2b","outputs":["conversion_17_output"],"params_alignment":4,"stm_ai_version":{"extra":"19520","major":8,"micro":0,"minor":1},"tool_api_version":{"major":1,"micro":0,"minor":5},"tool_version":{"major":1,"micro":0,"minor":7},"type":"tflite","version":"1.2","weights":{"weights_array":{"buffer_c_count":9843,"buffer_c_data":[],"buffer_c_name":"s_network_weights_array_u64","buffer_c_name_addr":"s_network_weights_array_u64","buffer_c_type":"u64","buffer_crc":0,"buffer_data_size":78744,"buffer_offsets":[{"buffer_name":"conv2d_1_weights_array","lite_tag":null,"offset":0,"size":432,"start_offset":0},{"buffer_name":"conv2d_1_bias_array","lite_tag":null,"offset":432,"size":64,"start_offset":432},{"buffer_name":"conv2d_2_weights_array","lite_tag":null,"offset":496,"size":2304,"start_offset":496},{"buffer_name":"conv2d_2_bias_array","lite_tag":null,"offset":2800,"size":64,"start_offset":2800},{"buffer_name":"conv2d_3_weights_array","lite_tag":null,"offset":2864,"size":2304,"start_offset":2864},{"buffer_name":"conv2d_3_bias_array","lite_tag":null,"offset":5168,"size":64,"start_offset":5168},{"buffer_name":"conv2d_5_weights_array","lite_tag":null,"offset":5232,"size":4608,"start_offset":5232},{"buffer_name":"conv2d_5_bias_array","lite_tag":null,"offset":9840,"size":128,"start_offset":9840},{"buffer_name":"conv2d_6_weights_array","lite_tag":null,"offset":9968,"size":9216,"start_offset":9968},{"buffer_name":"conv2d_6_bias_array","lite_tag":null,"offset":19184,"size":128,"start_offset":19184},{"buffer_name":"conv2d_7_weights_array","lite_tag":null,"offset":19312,"size":512,"start_offset":19312},{"buffer_name":"conv2d_7_bias_array","lite_tag":null,"offset":19824,"size":128,"start_offset":19824},{"buffer_name":"conv2d_9_weights_array","lite_tag":null,"offset":19952,"size":18432,"start_offset":19952},{"buffer_name":"conv2d_9_bias_array","lite_tag":null,"offset":38384,"size":256,"start_offset":38384},{"buffer_name":"conv2d_10_weights_array","lite_tag":null,"offset":38640,"size":36864,"start_offset":38640},{"buffer_name":"conv2d_10_bias_array","lite_tag":null,"offset":75504,"size":256,"start_offset":75504},{"buffer_name":"conv2d_11_weights_array","lite_tag":null,"offset":75760,"size":2048,"start_offset":75760},{"buffer_name":"conv2d_11_bias_array","lite_tag":null,"offset":77808,"size":256,"start_offset":77808},{"buffer_name":"gemm_15_weights_array","lite_tag":null,"offset":78064,"size":640,"start_offset":78064},{"buffer_name":"gemm_15_bias_array","lite_tag":null,"offset":78704,"size":40,"start_offset":78704}],"pool_id":0,"pool_size":78744}}}