{"_allocate_inputs":4,"_allocate_outputs":4,"cli_parameters":"generate --model /tmp/stm32ai_service/fc0ccd7f-bf28-42cb-b44d-ba60ed8d22ce/resnet_v1_8_32_int8_image_classification_cifar10.tflite --allocate-inputs --allocate-outputs --optimization balanced --name network --workspace /tmp/stm32ai_service/fc0ccd7f-bf28-42cb-b44d-ba60ed8d22ce/workspace --output /tmp/stm32ai_service/fc0ccd7f-bf28-42cb-b44d-ba60ed8d22ce/output","cli_version":{"major":1,"micro":0,"minor":7},"cli_version_str":"1.7.0","code_size":0,"compression":{"factor":null,"layers":{}},"date_time":"Mon Feb  5 12:44:07 2024","error":0,"error_str":[],"exec_cmd":"generate","exec_duration":0,"hash":"d295b74edcc29d562192333565e70c2b","inputs":["serving_default_input_10"],"layers":[{"c_id":[0],"extras":{"n_macc":0,"n_params":0,"psize":0,"rom_output":{"c_size":3072,"fmt":{"format":"uint8_t"},"shape":[32,32,3,1]},"rom_size":0},"id":0,"inputs":[],"name":"serving_default_input_10","original":"","type":"Input"},{"c_id":[],"extras":{"n_macc":6144,"n_params":0,"psize":0,"rom_output":{"c_size":3073,"fmt":{"format":"int8_t"},"shape":[32,32,3,1]},"rom_size":0},"id":0,"inputs":["serving_default_input_10"],"name":"conversion_0","original":"QUANTIZE","type":"Conversion"},{"c_id":[1],"extras":{"n_macc":442384,"n_params":448,"psize":496,"rom_output":{"c_size":16384,"fmt":{"format":"int8_t"},"shape":[32,32,16,1]},"rom_size":496},"id":1,"inputs":["conversion_0"],"name":"conv2d_1","original":"CONV_2D","type":"Conv2D"},{"c_id":[],"extras":{"n_macc":16384,"n_params":0,"psize":0,"rom_size":0},"id":1,"inputs":["conv2d_1"],"name":"nl_1_nl","original":"CONV_2D","type":"Nonlinearity"},{"c_id":[2,3],"extras":{"n_macc":2359312,"n_params":2320,"psize":2368,"rom_output":{"c_size":16384,"fmt":{"format":"int8_t"},"shape":[32,32,16,1]},"rom_size":2368},"id":2,"inputs":["nl_1_nl"],"name":"conv2d_2","original":"CONV_2D","type":"Conv2D"},{"c_id":[],"extras":{"n_macc":16384,"n_params":0,"psize":0,"rom_size":0},"id":2,"inputs":["conv2d_2"],"name":"nl_2_nl","original":"CONV_2D","type":"Nonlinearity"},{"c_id":[4,5],"extras":{"n_macc":2359312,"n_params":2320,"psize":2368,"rom_output":{"c_size":16384,"fmt":{"format":"int8_t"},"shape":[32,32,16,1]},"rom_size":2368},"id":3,"inputs":["nl_2_nl"],"name":"conv2d_3","original":"CONV_2D","type":"Conv2D"},{"c_id":[6],"extras":{"n_macc":16384,"n_params":0,"psize":0,"rom_output":{"c_size":16384,"fmt":{"format":"int8_t"},"shape":[32,32,16,1]},"rom_size":0},"id":4,"inputs":["nl_1_nl","conv2d_3"],"name":"eltwise_4","original":"ADD","type":"Eltwise"},{"c_id":[],"extras":{"n_macc":16384,"n_params":0,"psize":0,"rom_size":0},"id":4,"inputs":["eltwise_4"],"name":"nl_4_nl","original":"ADD","type":"Nonlinearity"},{"c_id":[7,8],"extras":{"n_macc":1179680,"n_params":4640,"psize":4736,"rom_output":{"c_size":8192,"fmt":{"format":"int8_t"},"shape":[16,16,32,1]},"rom_size":4736},"id":5,"inputs":["nl_4_nl"],"name":"conv2d_5","original":"CONV_2D","type":"Conv2D"},{"c_id":[],"extras":{"n_macc":8192,"n_params":0,"psize":0,"rom_size":0},"id":5,"inputs":["conv2d_5"],"name":"nl_5_nl","original":"CONV_2D","type":"Nonlinearity"},{"c_id":[9,10],"extras":{"n_macc":2359328,"n_params":9248,"psize":9344,"rom_output":{"c_size":8192,"fmt":{"format":"int8_t"},"shape":[16,16,32,1]},"rom_size":9344},"id":6,"inputs":["nl_5_nl"],"name":"conv2d_6","original":"CONV_2D","type":"Conv2D"},{"c_id":[11],"extras":{"n_macc":131104,"n_params":544,"psize":640,"rom_output":{"c_size":8192,"fmt":{"format":"int8_t"},"shape":[16,16,32,1]},"rom_size":640},"id":7,"inputs":["nl_4_nl"],"name":"conv2d_7","original":"CONV_2D","type":"Conv2D"},{"c_id":[12],"extras":{"n_macc":8192,"n_params":0,"psize":0,"rom_output":{"c_size":8192,"fmt":{"format":"int8_t"},"shape":[16,16,32,1]},"rom_size":0},"id":8,"inputs":["conv2d_7","conv2d_6"],"name":"eltwise_8","original":"ADD","type":"Eltwise"},{"c_id":[],"extras":{"n_macc":8192,"n_params":0,"psize":0,"rom_size":0},"id":8,"inputs":["eltwise_8"],"name":"nl_8_nl","original":"ADD","type":"Nonlinearity"},{"c_id":[13,14],"extras":{"n_macc":1179712,"n_params":18496,"psize":18688,"rom_output":{"c_size":4096,"fmt":{"format":"int8_t"},"shape":[8,8,64,1]},"rom_size":18688},"id":9,"inputs":["nl_8_nl"],"name":"conv2d_9","original":"CONV_2D","type":"Conv2D"},{"c_id":[],"extras":{"n_macc":4096,"n_params":0,"psize":0,"rom_size":0},"id":9,"inputs":["conv2d_9"],"name":"nl_9_nl","original":"CONV_2D","type":"Nonlinearity"},{"c_id":[15,16],"extras":{"n_macc":2359360,"n_params":36928,"psize":37120,"rom_output":{"c_size":4096,"fmt":{"format":"int8_t"},"shape":[8,8,64,1]},"rom_size":37120},"id":10,"inputs":["nl_9_nl"],"name":"conv2d_10","original":"CONV_2D","type":"Conv2D"},{"c_id":[17],"extras":{"n_macc":131136,"n_params":2112,"psize":2304,"rom_output":{"c_size":4096,"fmt":{"format":"int8_t"},"shape":[8,8,64,1]},"rom_size":2304},"id":11,"inputs":["nl_8_nl"],"name":"conv2d_11","original":"CONV_2D","type":"Conv2D"},{"c_id":[18],"extras":{"n_macc":4096,"n_params":0,"psize":0,"rom_output":{"c_size":4096,"fmt":{"format":"int8_t"},"shape":[8,8,64,1]},"rom_size":0},"id":12,"inputs":["conv2d_11","conv2d_10"],"name":"eltwise_12","original":"ADD","type":"Eltwise"},{"c_id":[],"extras":{"n_macc":4096,"n_params":0,"psize":0,"rom_size":0},"id":12,"inputs":["eltwise_12"],"name":"nl_12_nl","original":"ADD","type":"Nonlinearity"},{"c_id":[19],"extras":{"n_macc":4096,"n_params":0,"psize":0,"rom_output":{"c_size":64,"fmt":{"format":"int8_t"},"shape":[1,1,64,1]},"rom_size":0},"id":13,"inputs":["nl_12_nl"],"name":"pool_13","original":"AVERAGE_POOL_2D","type":"Pool"},{"c_id":[],"extras":{"n_macc":0,"n_params":0,"psize":0,"rom_size":0},"id":14,"inputs":["pool_13"],"name":"reshape_14","original":"RESHAPE","type":"Reshape"},{"c_id":[20],"extras":{"n_macc":0,"n_params":640,"psize":640,"rom_size":680},"id":15,"inputs":[],"name":"resnet_v1_depth_8_dense_MatMul","original":"","type":"Placeholder"},{"c_id":[],"extras":{"n_macc":0,"n_params":10,"psize":40,"rom_size":0},"id":15,"inputs":[],"name":"dense_bias","original":"","type":"Placeholder"},{"c_id":[],"extras":{"n_macc":650,"n_params":0,"psize":0,"rom_output":{"c_size":10,"fmt":{"format":"int8_t"},"shape":[10,1]},"rom_size":0},"id":15,"inputs":["reshape_14","resnet_v1_depth_8_dense_MatMul","dense_bias"],"name":"gemm_15","original":"FULLY_CONNECTED","type":"Gemm"},{"c_id":[21],"extras":{"n_macc":150,"n_params":0,"psize":0,"rom_output":{"c_size":10,"fmt":{"format":"int8_t"},"shape":[10,1]},"rom_size":0},"id":16,"inputs":["gemm_15"],"name":"nl_16","original":"SOFTMAX","type":"Nonlinearity"},{"c_id":[22],"extras":{"n_macc":20,"n_params":0,"psize":0,"rom_output":{"c_size":40,"fmt":{"format":"float"},"shape":[10,1]},"rom_size":0},"id":17,"inputs":["nl_16"],"name":"conversion_17","original":"DEQUANTIZE","type":"Conversion"}],"model_files":["/tmp/stm32ai_service/fc0ccd7f-bf28-42cb-b44d-ba60ed8d22ce/resnet_v1_8_32_int8_image_classification_cifar10.tflite"],"model_n_params":77706,"model_name":"resnet_v1_8_32_int8_image_classification_cifar10","model_size":78744,"model_type":"tflite","name":"network","outputs":["conversion_17"],"ram_io_size":[3072,40],"ram_size":[56672,56672],"report_version":1.1,"rom_cfact":1,"rom_heap_inspector":2048,"rom_inputs":[{"c_size":3072,"c_type":"uint8_t","name":"serving_default_input_10"}],"rom_n_macc":12541060,"rom_outputs":[{"c_size":40,"c_type":"float","name":"conversion_17"}],"rom_size":78744,"strategy":"heap_overlay","tools_api_version":{"major":1,"micro":0,"minor":7},"tools_version":{"extra":"19520","major":8,"micro":0,"minor":1},"val_error":-1,"val_error_desc":"None (None) #-1","val_metrics":[]}